timestamp,price,market_cap,total_volume
2026-09-11 19:00:00+07:00,76995.9749893298,1546288452845.7634,28747077001.916862
2026-09-11 20:00:00+07:00,77960.78847453994,1565669909286.2405,30001239398.587944
2026-09-11 21:00:00+07:00,79157.09397934795,1589695057926.2273,31417203803.7552
2026-09-11 22:00:00+07:00,78783.77426720792,1582197757664.4177,33140845517.32774
2026-09-11 23:00:00+07:00,77694.26915459464,1560317458552.3943,33728328434.917515
2026-09-12 00:00:00+07:00,77917.11232828967,1564798146824.8662,34464081900.513824
2026-09-12 01:00:00+07:00,77517.25102199247,1556767789790.5276,34294722433.590466
2026-09-12 02:00:00+07:00,77036.83954890422,1547119755355.7483,34873833486.78443
2026-09-12 03:00:00+07:00,77281.64507604482,1552039781742.6355,35066311988.69574
2026-09-12 04:00:00+07:00,77315.11940187341,1552712043381.2417,35347865608.546295
2026-09-12 05:00:00+07:00,77082.59662937514,1548042311095.868,35207455914.46385
2026-09-12 06:00:00+07:00,77128.66953731132,1548967588836.8782,35903250667.27777
2026-09-12 07:00:00+07:00,77203.53444805603,1550479277152.1194,35407367571.01674
2026-09-12 08:00:00+07:00,77276.52849901545,1551945217334.4836,34948557292.06022
2026-09-12 09:00:00+07:00,77263.21057723957,1551677753391.5977,34468558790.6569
2026-09-12 10:00:00+07:00,77256.74504889011,1551547906127.5654,34234432938.98141
2026-09-12 11:00:00+07:00,77257.54865785275,1551564045013.5947,33406264883.728294
2026-09-12 12:00:00+07:00,77213.83327769832,1550694293306.8423,33423159843.170433
2026-09-12 13:00:00+07:00,77204.03182949341,1550499611408.2678,33750144457.974747
2026-09-12 14:00:00+07:00,77277.42306540738,1551973538094.0747,33634562501.79305
2026-09-12 15:00:00+07:00,77257.61617745076,1551578225774.5747,33443971597.72793
2026-09-12 16:00:00+07:00,77342.538050849,1553283726619.3594,33257574353.60949
2026-09-12 17:00:00+07:00,77330.8329850539,1553048651734.61,32787654114.282654
2026-09-12 18:00:00+07:00,77316.51970578285,1552767922179.4,32440525411.360973
2026-09-12 19:00:00+07:00,77340.17370771468,1553242971697.5454,31939487296.590706
2026-09-12 20:00:00+07:00,77317.17427010927,1552781067966.2634,27799495036.70209
2026-09-12 21:00:00+07:00,77346.67342745706,1553379308272.5652,25212744849.489326
2026-09-12 22:00:00+07:00,77445.64426190322,1555366972893.9185,21759624036.94504
2026-09-12 23:00:00+07:00,77366.92475804272,1553786022569.4153,20201216810.417828
2026-09-13 00:00:00+07:00,77348.92912166193,1553428709632.694,18620551680.468117
2026-09-13 01:00:00+07:00,77193.15949246142,1550300327419.3047,17974747974.275215
2026-09-13 02:00:00+07:00,77123.41691461387,1548900894003.4578,17002946128.904541
2026-09-13 03:00:00+07:00,77113.63783668954,1548704496811.1978,16947217294.061329
2026-09-13 04:00:00+07:00,77152.51919688155,1549485366953.766,16784079037.519001
2026-09-13 05:00:00+07:00,77245.60981926684,1551354943717.9226,16714650155.875277
2026-09-13 06:00:00+07:00,77218.57922842517,1550812077387.6294,15711483093.750526
2026-09-13 07:00:00+07:00,77261.62722069985,1551683581240.4167,15195615506.929926
2026-09-13 08:00:00+07:00,77258.52592022326,1551622532421.1147,15194823574.958746
2026-09-13 09:00:00+07:00,77302.98579705298,1552516911647.673,15425515886.693323
2026-09-13 10:00:00+07:00,77273.86828489418,1551934061036.2964,15350602828.512222
2026-09-13 11:00:00+07:00,77177.99013195191,1550008486782.5037,15282311466.724869
2026-09-13 12:00:00+07:00,77192.12247162955,1550292314417.8306,15118279231.612349
2026-09-13 13:00:00+07:00,77299.3303692544,1552451459581.1902,14542862441.304907
2026-09-13 14:00:00+07:00,77098.83617669597,1548426735069.6257,14742500666.60643
2026-09-13 15:00:00+07:00,77101.20979166444,1548474405943.2498,14675726287.465492
2026-09-13 16:00:00+07:00,76790.97168368855,1542243689573.8567,14921026323.221628
2026-09-13 17:00:00+07:00,76774.74504686284,1541921868394.6196,15429199502.742489
2026-09-13 18:00:00+07:00,76639.40143000401,1539203666172.5889,15432761961.99272
2026-09-13 19:00:00+07:00,76752.89745255162,1541483087602.5806,15683303707.02378
2026-09-13 20:00:00+07:00,76730.11419513759,1541025515222.2551,15790539837.140831
2026-09-13 21:00:00+07:00,76827.75244836867,1542986453780.3313,15351604026.017689
2026-09-13 22:00:00+07:00,77186.99824765752,1550201442950.4585,15781636756.192661
2026-09-13 23:00:00+07:00,77112.0023446134,1548704191824.8125,15752406316.005302
2026-09-14 00:00:00+07:00,77261.01354899621,1551697602572.8315,16019726500.412092
2026-09-14 01:00:00+07:00,77304.39364979762,1552568841446.3706,15964962326.329851
2026-09-14 02:00:00+07:00,77322.83387513856,1552939191926.361,15585976335.664717
2026-09-14 03:00:00+07:00,77256.82950352236,1551613570885.534,15169799376.183811
2026-09-14 04:00:00+07:00,77321.00762265742,1552909549980.9028,14929316281.806286
2026-09-14 05:00:00+07:00,77263.3336825517,1551751230720.3433,14787941932.544365
2026-09-14 06:00:00+07:00,76682.56817293397,1540087178040.2974,15579620760.23573
2026-09-14 07:00:00+07:00,76819.04496746542,1542831471374.2715,16138951580.829596
2026-09-14 08:00:00+07:00,76766.97307322748,1541785660960.4814,16743047252.682852
2026-09-14 09:00:00+07:00,77070.31000728291,1547880337397.2,17123571168.428473
2026-09-14 10:00:00+07:00,77570.55529884281,1557927265333.625,18478637019.95591
2026-09-14 11:00:00+07:00,77551.75331241178,1557551817630.8308,19331354892.65918
2026-09-14 12:00:00+07:00,77644.99458254549,1559425409930.6108,19658908717.22034
2026-09-14 13:00:00+07:00,77585.97976119716,1558240153721.0134,19909347039.84479
2026-09-14 14:00:00+07:00,77556.33204977703,1557648585626.6025,20079514828.9111
2026-09-14 15:00:00+07:00,77852.74279105471,1563603439280.9639,20418753413.98682
2026-09-14 16:00:00+07:00,77697.78667140036,1560491282753.872,20502581498.62575
2026-09-14 17:00:00+07:00,78113.21706168602,1568834834486.8643,21008440571.109196
2026-09-14 18:00:00+07:00,77879.63832939527,1564143612365.9824,21400720026.34342
2026-09-14 19:00:00+07:00,77729.73391218342,1561132914811.6917,21555273518.73181
2026-09-14 20:00:00+07:00,77648.74922001359,1559506408940.9133,22005759633.60556
2026-09-14 21:00:00+07:00,78167.60870876731,1569927242581.884,23526425611.51832
2026-09-14 22:00:00+07:00,78476.07323013752,1576133544628.8289,25011366781.766994
2026-09-14 23:00:00+07:00,78561.78960637822,1577855094272.6394,26297048833.843723
2026-09-15 00:00:00+07:00,78760.57618669112,1581847574841.0083,27129659809.497692
2026-09-15 01:00:00+07:00,78928.36036442495,1585217395219.364,28223239825.04736
2026-09-15 02:00:00+07:00,79208.67421437381,1590847290342.0825,29822404101.735836
2026-09-15 03:00:00+07:00,78986.36847021278,1586382444866.0818,30763077693.47152
2026-09-15 04:00:00+07:00,79095.98825234124,1588594675495.44,32139267516.68492
2026-09-15 05:00:00+07:00,78752.62563068564,1581700888022.0808,32944939224.64807
2026-09-15 06:00:00+07:00,78539.73849882335,1577425173240.276,32478188091.13792
2026-09-15 07:00:00+07:00,78173.35158344489,1570066504182.9238,32369566520.9512
2026-09-15 08:00:00+07:00,77947.75375697915,1565535502459.5007,32135555828.390846
2026-09-15 09:00:00+07:00,77914.82487731134,1564874144977.1943,32376715416.573685
2026-09-15 10:00:00+07:00,77885.53242277539,1564291664403.1025,31271809397.323826
2026-09-15 11:00:00+07:00,77649.53357250191,1559551746438.7805,30631518126.35101
2026-09-15 12:00:00+07:00,77553.34934800449,1557619934766.5986,30960816395.649395
2026-09-15 13:00:00+07:00,77613.70136217166,1558832074553.7312,31297238855.060688
2026-09-15 14:00:00+07:00,77250.88177147276,1551553523532.6125,31020577275.276173
2026-09-15 15:00:00+07:00,76901.98818177807,1544546133247.669,31431024215.54751
2026-09-15 16:00:00+07:00,76930.03726083726,1545109487949.2356,31974513491.618977
2026-09-15 17:00:00+07:00,76965.81078393573,1545827985065.9,31465977911.84698
2026-09-15 18:00:00+07:00,77022.84521789337,1546973499200.3723,31842941781.568798
2026-09-15 19:00:00+07:00,76908.56708883471,1544685189774.85,31909874484.44563
2026-09-15 20:00:00+07:00,76930.76343293399,1545130996598.3955,32007686264.70229
2026-09-15 21:00:00+07:00,76548.36571655248,1537453333906.5789,32666690518.793045
2026-09-15 22:00:00+07:00,75903.01064422875,1524493220745.7053,34111243702.350426
2026-09-15 23:00:00+07:00,76487.74001260675,1536237365681.4236,34958051572.581055
2026-09-16 00:00:00+07:00,76348.08889562926,1533434874281.5122,34712942488.844604
2026-09-16 01:00:00+07:00,76912.76082931667,1544776188100.486,35452342086.731
2026-09-16 02:00:00+07:00,75965.38663268033,1525748381993.8716,38608992471.18075
2026-09-16 03:00:00+07:00,76112.81468027529,1528709442485.3582,39833428783.67552
2026-09-16 04:00:00+07:00,75886.40225495906,1524161997827.9656,39652512141.73348
2026-09-16 05:00:00+07:00,75383.70543389375,1514076296012.9646,39195291321.24173
2026-09-16 06:00:00+07:00,75645.58490916989,1519336126418.5637,39561596792.91902
2026-09-16 07:00:00+07:00,75590.24471973324,1518224622698.2222,39803154169.39753
2026-09-16 08:00:00+07:00,75725.34326068543,1520938067166.152,39736266269.59647
2026-09-16 09:00:00+07:00,75446.75318883032,1515342605631.4275,39490362672.246864
2026-09-16 10:00:00+07:00,75831.86578487034,1523077564394.7844,39837736617.05086
2026-09-16 11:00:00+07:00,75772.47164617064,1521892214642.5435,39762363875.19959
2026-09-16 12:00:00+07:00,75814.08003963677,1522727920390.3457,39417979600.713394
2026-09-16 13:00:00+07:00,75915.8176573905,1524771323291.5825,39363195998.648575
2026-09-16 14:00:00+07:00,75963.64384661049,1525735483932.4602,39365731831.13742
2026-09-16 15:00:00+07:00,75698.67948617562,1520415017457.0295,39024132890.58983
2026-09-16 16:00:00+07:00,75674.96622295785,1519938734359.9673,38921656514.31686
2026-09-16 17:00:00+07:00,75930.76771866258,1525076531190.7358,39000489382.74873
2026-09-16 18:00:00+07:00,75892.18304513379,1524307474024.8127,38525352533.70286
2026-09-16 19:00:00+07:00,76193.42443204131,1530357958793.1277,38657016381.19472
2026-09-16 20:00:00+07:00,75900.63404614376,1524479642645.5088,38353308634.618256
2026-09-16 21:00:00+07:00,75608.32776166973,1518610274966.8828,36866085503.307045
2026-09-16 22:00:00+07:00,75628.25325189572,1519010482921.3071,34479075031.488846
2026-09-16 23:00:00+07:00,75746.91554787687,1521393841835.1052,33598339520.06292
2026-09-17 00:00:00+07:00,75714.00801351186,1520732886603.1887,33081178838.67948
2026-09-17 01:00:00+07:00,75709.45598384431,1520641458063.1094,32466388224.19465
2026-09-17 02:00:00+07:00,75761.23608006895,1521687609606.4253,32015180580.377308
2026-09-17 03:00:00+07:00,76006.3523147599,1526610844185.761,31847309757.083496
2026-09-17 04:00:00+07:00,76117.4361019963,1528843898979.9453,31760058746.985577
2026-09-17 05:00:00+07:00,75935.57796021894,1525193344203.485,31149026935.224148
2026-09-17 06:00:00+07:00,75622.80385532479,1518911844626.017,30569798392.871693
2026-09-17 07:00:00+07:00,76146.81236783884,1529436748434.9944,30782581511.828445
2026-09-17 08:00:00+07:00,76290.51273559735,1532325464499.5671,30999323490.112556
2026-09-17 09:00:00+07:00,76319.53544858546,1532908397299.0186,31179721836.08184
2026-09-17 10:00:00+07:00,76308.60784780057,1532691277633.057,31235654783.020863
2026-09-17 11:00:00+07:00,76379.69412194121,1534119076087.3557,31080082537.70363
2026-09-17 12:00:00+07:00,76474.62583647082,1536029873644.4211,31024114994.122307
2026-09-17 13:00:00+07:00,76255.85246759058,1531636619714.3806,30768594773.599297
2026-09-17 14:00:00+07:00,76412.86027527358,1534790199407.5664,30655290633.61008
2026-09-17 15:00:00+07:00,76389.80825429753,1534327188132.46,30163951141.743076
2026-09-17 16:00:00+07:00,76501.71322528768,1536574854979.6628,29579423256.36037
2026-09-17 17:00:00+07:00,76405.27780547379,1534637901740.7324,29467132219.302113
2026-09-17 18:00:00+07:00,76329.32226836545,1533118021803.1353,29564989127.13241
2026-09-17 19:00:00+07:00,76393.53179481809,1534409158282.6802,29262350208.211563
2026-09-17 20:00:00+07:00,76679.01982264512,1540144350586.7805,29944670169.83365
2026-09-17 21:00:00+07:00,76632.21849484988,1539204317696.8123,30087737757.084843
2026-09-17 22:00:00+07:00,76443.5456147915,1535417996203.5544,30860348142.66519
2026-09-17 23:00:00+07:00,76705.8650416903,1540688308762.6023,30819115157.74735
2026-09-18 00:00:00+07:00,76686.8606201434,1540306592317.8926,31096206653.703884
2026-09-18 01:00:00+07:00,76606.12470764066,1538688098677.006,30616687829.281136
2026-09-18 02:00:00+07:00,76518.29591994952,1536925678871.616,26578406414.982872
2026-09-18 03:00:00+07:00,76532.82485944452,1537219416519.0623,25211434448.833344
2026-09-18 04:00:00+07:00,76496.89607709019,1536497759871.1025,24533655045.282677
2026-09-18 05:00:00+07:00,76351.21604228596,1533571666674.9934,24348531764.13961
2026-09-18 06:00:00+07:00,76353.2776230547,1533613075077.1038,24063278814.275494
2026-09-18 07:00:00+07:00,76371.3617203135,1533982493868.1716,23628097103.02466
2026-09-18 08:00:00+07:00,76526.045747213,1537089451554.926,23414176764.17981
2026-09-18 09:00:00+07:00,76687.7376556472,1540338855517.1072,23203242838.493053
2026-09-18 10:00:00+07:00,76924.54758447783,1545095385646.9695,23393415586.58105
2026-09-18 11:00:00+07:00,77316.48429533666,1552970166793.4067,24606696411.62657
2026-09-18 12:00:00+07:00,77488.22238991703,1556419678754.7434,25286818674.822937
2026-09-18 13:00:00+07:00,77429.8710715553,1555249344224.9922,26041164428.695328
2026-09-18 14:00:00+07:00,77525.33865153576,1557166897348.93,26491633307.32883
2026-09-18 15:00:00+07:00,77735.27104820966,1561383580364.6738,27118237792.365475
2026-09-18 16:00:00+07:00,78183.12810436488,1570385763822.3762,28849372635.583336
2026-09-18 17:00:00+07:00,78146.1136857525,1569642292469.2288,29985887465.049656
2026-09-18 18:00:00+07:00,78215.4882673457,1571038487371.5774,30233442071.14203
2026-09-18 19:00:00+07:00,77998.59940735795,1566683221635.9663,30519663987.47126
2026-09-18 20:00:00+07:00,77976.49790115296,1566240771385.4282,29856752503.245316
2026-09-18 21:00:00+07:00,80014.1246612521,1607169709005.2595,33128549717.706867
2026-09-18 22:00:00+07:00,80901.08489368358,1624987281283.0178,37022353825.39801
2026-09-18 23:00:00+07:00,80693.63031541022,1620820327878.361,39220793856.98087
2026-09-19 00:00:00+07:00,80823.97650530725,1623441222498.4531,40535568909.93284
2026-09-19 01:00:00+07:00,80930.7294057089,1625585475560.8093,40929635037.4204
2026-09-19 02:00:00+07:00,80917.01895276866,1625313079495.5522,41568874820.40887
2026-09-19 03:00:00+07:00,81165.49090501893,1630305958754.4275,42924468531.32456
2026-09-19 04:00:00+07:00,81109.14633748903,1629175021818.9502,43732318199.82359
2026-09-19 05:00:00+07:00,81233.27558568334,1631668307468.8062,44325641306.267715
2026-09-19 06:00:00+07:00,81124.11668162764,1629479775441.0432,44526837878.17969
2026-09-19 07:00:00+07:00,80873.58287659245,1624449753756.773,44737458821.40004
2026-09-19 08:00:00+07:00,81605.60145345944,1639153286784.9993,45812487262.72216
2026-09-19 09:00:00+07:00,81260.24416188644,1632216342144.993,45916075753.177895
2026-09-19 10:00:00+07:00,81275.55262020552,1632523832186.392,45487999592.146164
2026-09-19 11:00:00+07:00,81110.5819161594,1629216997062.1228,44312260085.89119
2026-09-19 12:00:00+07:00,80992.8673990948,1626854564775.106,43694278458.436195
2026-09-19 13:00:00+07:00,81024.67802451286,1627493525498.8289,43031053160.58941
2026-09-19 14:00:00+07:00,81026.26995674276,1627528580673.4866,42438860248.493
2026-09-19 15:00:00+07:00,81098.54209782656,1628981810920.8884,41264627382.25591
2026-09-19 16:00:00+07:00,81285.51268824431,1632737386336.785,40434742706.27192
2026-09-19 17:00:00+07:00,81301.07555919111,1633053485112.1633,39948492392.31762
2026-09-19 18:00:00+07:00,81203.08709644122,1631087270618.2341,39777177936.96319
2026-09-19 19:00:00+07:00,81276.42776648348,1632560673136.4536,39375479612.70033
2026-09-19 20:00:00+07:00,81303.83303759771,1633111149690.2002,38999433338.28509
2026-09-19 21:00:00+07:00,81323.96763620769,1633515583728.006,35430631747.60085
2026-09-19 22:00:00+07:00,81543.5714688772,1637930493272.4617,31256839560.233547
2026-09-19 23:00:00+07:00,81616.22715399746,1639389896632.2166,29080196770.466995
2026-09-20 00:00:00+07:00,81817.26303085411,1643428017443.1372,27929441744.444492
2026-09-20 01:00:00+07:00,81451.70400617635,1636089263821.134,27210618364.801758
2026-09-20 02:00:00+07:00,81407.1543785679,1635194412469.3208,26417004901.885395
2026-09-20 03:00:00+07:00,81321.60859090071,1633477875986.3298,25130947423.889126
2026-09-20 04:00:00+07:00,81107.41299929535,1629175406248.166,24525061721.25901
2026-09-20 05:00:00+07:00,81077.19287844416,1628568385559.8716,24490759591.47204
2026-09-20 06:00:00+07:00,81226.58014364234,1631569073776.492,24233577186.704716
2026-09-20 07:00:00+07:00,81236.41383660372,1631766599626.8777,24055616822.501354
2026-09-20 08:00:00+07:00,81267.50180980323,1632391052552.866,23514911240.082977
2026-09-20 09:00:00+07:00,81062.07358503582,1628264689756.1238,22797660941.091827
2026-09-20 10:00:00+07:00,80275.857517878,1612472250652.909,23305978298.742023
2026-09-20 11:00:00+07:00,80456.86537536806,1616108090323.483,24663515820.421383
2026-09-20 12:00:00+07:00,80398.7910887005,1614954919233.2556,24667059725.162045
2026-09-20 13:00:00+07:00,80464.43921945192,1616273580499.922,25221690691.568558
2026-09-20 14:00:00+07:00,80279.11386599072,1612550986078.0654,25457430916.907707
2026-09-20 15:00:00+07:00,80286.81142799527,1612709619853.2954,25277194537.273838
2026-09-20 16:00:00+07:00,80231.02432377993,1611591038099.8728,25001711527.206093
2026-09-20 17:00:00+07:00,80440.85039486186,1615805789420.3933,24203431117.98394
2026-09-20 18:00:00+07:00,80291.58373525404,1612807487791.5835,23869615359.35354
2026-09-20 19:00:00+07:00,80444.85492504438,1615886227941.6304,24049429693.29715
2026-09-20 20:00:00+07:00,80450.67040420262,1616006582608.9377,23970244415.834938
2026-09-20 21:00:00+07:00,80531.50045682659,1617630209813.7415,23694059717.40367
2026-09-20 22:00:00+07:00,80652.47933380083,1620061513229.2974,23450517080.655838
2026-09-20 23:00:00+07:00,80894.08811152376,1624914694250.891,22984059384.783916
2026-09-21 00:00:00+07:00,81300.35629387794,1633079687772.632,23937199065.956005
2026-09-21 01:00:00+07:00,81121.31195512225,1629485496790.0916,24190266577.744286
2026-09-21 02:00:00+07:00,81043.12277078643,1627914909002.3652,24153437019.530293
2026-09-21 03:00:00+07:00,81168.71681341677,1630437719174.1558,24094432428.610943
2026-09-21 04:00:00+07:00,81071.42688202347,1628489534636.186,23804703749.8108
2026-09-21 05:00:00+07:00,80900.96997873778,1625068139287.063,23632782930.39914
2026-09-21 06:00:00+07:00,81197.32632288539,1631023360630.7053,23889450696.689007
2026-09-21 07:00:00+07:00,81169.03511950027,1630456856533.6533,23789617808.46851
2026-09-21 08:00:00+07:00,81592.86036903408,1638970309761.9333,25058458902.817703
2026-09-21 09:00:00+07:00,80978.55537189932,1626630655938.1978,26290363583.316864
2026-09-21 10:00:00+07:00,81293.14737623878,1632954230063.5522,25794076283.60722
2026-09-21 11:00:00+07:00,81402.82033078084,1635157744452.8132,24823827678.264725
2026-09-21 12:00:00+07:00,81374.90685980523,1634599074318.505,24767299018.944927
2026-09-21 13:00:00+07:00,81533.64648796487,1637789023357.474,23704969993.083015
2026-09-21 14:00:00+07:00,81619.9501019392,1639522628043.7812,23990226003.362743
2026-09-21 15:00:00+07:00,81724.18158336761,1641620195824.1196,24617198094.239876
2026-09-21 16:00:00+07:00,83733.7521341574,1681989185932.0667,30193430878.219093
2026-09-21 17:00:00+07:00,84619.91534546805,1699789856514.7876,36959640174.9325
2026-09-21 18:00:00+07:00,84398.43980182928,1695344122495.548,39280872022.54799
2026-09-21 19:00:00+07:00,84824.33784541108,1703900404035.9104,40908380119.28247
2026-09-21 20:00:00+07:00,85288.12590784895,1713218235547.5913,43946492626.34275
2026-09-21 21:00:00+07:00,85458.23683218673,1716635324791.1306,47519886205.54074
2026-09-21 22:00:00+07:00,85822.11261773574,1723944649795.532,51052313769.819954
2026-09-21 23:00:00+07:00,85928.37009570333,1726084243873.2986,53442723799.67589
2026-09-22 00:00:00+07:00,85982.6621210711,1727176983305.0022,53996514712.50275
2026-09-22 01:00:00+07:00,85873.129903004,1724977785023.5413,54236077915.49327
2026-09-22 02:00:00+07:00,86053.17874673507,1728597186521.263,55094136533.718216
2026-09-22 03:00:00+07:00,86546.3534978703,1738505761040.507,57496202325.91271
2026-09-22 04:00:00+07:00,86968.79677586093,1746991619113.287,59765617389.89998
2026-09-22 05:00:00+07:00,86582.73124135063,1739238925752.8298,60116682931.82281
2026-09-22 06:00:00+07:00,86421.95454677695,1736009308466.0186,60589325104.24097
2026-09-22 07:00:00+07:00,86596.74004249526,1739520328890.6677,61251744760.22805
2026-09-22 08:00:00+07:00,85912.669480049,1725778995796.7542,60877637739.96414
2026-09-22 09:00:00+07:00,85588.85701086618,1719274381736.0474,60388930752.3246
2026-09-22 10:00:00+07:00,85700.6334938903,1721528272632.6863,60964720750.168045
2026-09-22 11:00:00+07:00,85657.24434568283,1720658312101.4382,61555647857.70864
2026-09-22 12:00:00+07:00,85425.68027695657,1716006719084.6245,61854059942.31231
2026-09-22 13:00:00+07:00,85407.07033575483,1715636389579.4812,62411264579.17463
2026-09-22 14:00:00+07:00,85359.21218813978,1714677160767.8826,62574747764.792366
2026-09-22 15:00:00+07:00,85322.58646850348,1713941431332.8613,62828067757.26953
2026-09-22 16:00:00+07:00,86180.10982376733,1731171740241.6074,59512427421.62879
2026-09-22 17:00:00+07:00,86207.63632450446,1731724688019.0159,55519749613.166245
2026-09-22 18:00:00+07:00,85897.57760275183,1725499458096.568,53382005833.61478
2026-09-22 19:00:00+07:00,85954.88013701636,1726650544012.847,52464442019.081535
2026-09-22 20:00:00+07:00,85998.96708824938,1727536157001.9993,50621497496.12631
2026-09-22 21:00:00+07:00,86311.08308583916,1733805902898.619,49209788155.33096
2026-09-22 22:00:00+07:00,86207.13787784762,1731723813261.9304,47730135821.49509
2026-09-22 23:00:00+07:00,86412.01623033184,1735839397313.9321,46581658976.44861
2026-09-23 00:00:00+07:00,86395.87649360926,1735517083960.3162,46057611050.718
2026-09-23 01:00:00+07:00,86587.1444676524,1739361172671.89,46383599651.56697
2026-09-23 02:00:00+07:00,86476.73261291615,1737143221100.5378,46765784516.501
2026-09-23 03:00:00+07:00,86220.71105203898,1732000264081.9822,45345741121.01437
2026-09-23 04:00:00+07:00,86250.64221068537,1732605833250.083,44089951322.48135
2026-09-23 05:00:00+07:00,86187.63078333685,1731340057555.1172,43447686111.31549
2026-09-23 06:00:00+07:00,86120.19453430604,1729985395891.754,42873504200.62065
2026-09-23 07:00:00+07:00,86183.29442787907,1731252948699.2454,43496653159.936775
2026-09-23 08:00:00+07:00,86450.1100863901,1736612750719.1472,42716981793.81476
2026-09-23 09:00:00+07:00,86347.69317612112,1734555396343.489,42083783897.97739
2026-09-23 10:00:00+07:00,86527.61079359149,1738169587560.4329,41817396754.26661
2026-09-23 11:00:00+07:00,86693.1515712143,1741494976329.7063,41581859030.16376
2026-09-23 12:00:00+07:00,87158.43254422718,1750841556335.142,42389728691.179726
2026-09-23 13:00:00+07:00,86478.4432365406,1737194620333.8533,41857999891.973206
2026-09-23 14:00:00+07:00,86458.90494964657,1736802131690.2964,41968040115.62237
2026-09-23 15:00:00+07:00,86122.40386947783,1730042437085.171,41825362845.27283
2026-09-23 16:00:00+07:00,85890.48261159069,1725383560878.9866,41340945717.75038
2026-09-23 17:00:00+07:00,85840.42472906392,1724382538616.8225,40880857497.24056
2026-09-23 18:00:00+07:00,85904.75473339538,1725674814797.0542,40956070098.544205
2026-09-23 19:00:00+07:00,85646.19147499696,1720480735558.544,40934356910.60455
2026-09-23 20:00:00+07:00,85476.40608139167,1717070046842.019,40665388301.05333
2026-09-23 21:00:00+07:00,85790.32559371383,1723383942382.3413,40272331113.33672
2026-09-23 22:00:00+07:00,84470.52649714124,1696871389195.6848,43914166961.73581
2026-09-23 23:00:00+07:00,83790.89567875945,1683218744436.0154,44879396348.96887
2026-09-24 00:00:00+07:00,84058.64571541436,1688597394191.101,45870938910.25949
2026-09-24 01:00:00+07:00,84315.18573536711,1693750853487.4185,46028133314.45535
2026-09-24 02:00:00+07:00,84336.728156199,1694183604638.3762,45506097506.38443
2026-09-24 03:00:00+07:00,84488.07876185968,1697232095649.396,44715460447.81474
2026-09-24 04:00:00+07:00,84226.4216925631,1691975818283.7402,44398019145.62241
2026-09-24 05:00:00+07:00,84412.27791564194,1695709376338.4177,44570627303.63874
2026-09-24 06:00:00+07:00,84550.14189817327,1698478846060.244,44237076845.62518
2026-09-24 07:00:00+07:00,84382.39990356649,1695109174253.2031,43737548353.46009
2026-09-24 08:00:00+07:00,84305.16437615956,1693557634462.4956,43865802121.717514
2026-09-24 09:00:00+07:00,84092.35744951612,1689290836287.0386,43443294669.57801
2026-09-24 10:00:00+07:00,84348.7467395268,1694442666734.3733,44003215260.36292
2026-09-24 11:00:00+07:00,83922.76015101028,1685886563431.5776,43337343884.9572
2026-09-24 12:00:00+07:00,84025.88382839237,1687958168580.8516,41985621799.00434
2026-09-24 13:00:00+07:00,83981.51168985666,1687068896195.0623,42091829286.29648
2026-09-24 14:00:00+07:00,84091.30562156744,1689275761196.3635,41904081602.46939
2026-09-24 15:00:00+07:00,84510.58761009591,1697698545158.2966,42199797813.31699
2026-09-24 16:00:00+07:00,83608.57754659448,1679582113594.1543,42680733674.63432
2026-09-24 17:00:00+07:00,83238.11792042716,1672140085752.3022,43721069417.98403
2026-09-24 18:00:00+07:00,83513.46462287672,1677671424880.9185,44222679326.84676
2026-09-24 19:00:00+07:00,83436.70362312958,1676132488409.558,43896671797.53927
2026-09-24 20:00:00+07:00,83591.51084360712,1679242359730.1558,43397913459.47208
2026-09-24 21:00:00+07:00,84175.06643275567,1690965215970.7725,43694644148.32553
2026-09-24 22:00:00+07:00,83565.98156532156,1678734273718.759,40576615429.65121
2026-09-24 23:00:00+07:00,84393.04495465662,1695350191081.5435,39768011576.21052
2026-09-25 00:00:00+07:00,84405.4140703454,1695598671067.7527,39012529514.63129
2026-09-25 01:00:00+07:00,84066.21951537457,1688784678825.9443,37932999656.51447
2026-09-25 02:00:00+07:00,84456.14938451325,1696617879755.095,38211642365.02657
2026-09-25 03:00:00+07:00,84376.06808875743,1695009147185.549,38111972112.775345
2026-09-25 04:00:00+07:00,84334.43946003784,1694172880361.759,38202513377.63002
2026-09-25 05:00:00+07:00,84319.76795203467,1693878148208.0608,38333477861.66097
2026-09-25 06:00:00+07:00,84249.38872205936,1692464317944.5488,38402020671.63676
2026-09-25 07:00:00+07:00,84377.96508359577,1695061262169.533,38044738930.24391
2026-09-25 08:00:00+07:00,84567.95784518245,1698878009467.7063,38129182081.18688
2026-09-25 09:00:00+07:00,84568.85384307253,1698896009087.7844,37964553682.50562
2026-09-25 10:00:00+07:00,84194.82818604415,1691382241700.076,37544836254.71169
2026-09-25 11:00:00+07:00,84202.4042247504,1691541003839.7559,37721476029.98632
2026-09-25 12:00:00+07:00,84178.3529416615,1691057837926.4497,37687518835.41808
2026-09-25 13:00:00+07:00,84185.20946491713,1691195578532.9973,37522095698.13049
2026-09-25 14:00:00+07:00,84022.62829043277,1687937133491.5105,37168664882.61874
2026-09-25 15:00:00+07:00,84036.36439812316,1688213079230.319,37510715505.55876
2026-09-25 16:00:00+07:00,84395.68001291131,1695431398642.4163,36176017178.3188
2026-09-25 17:00:00+07:00,84569.42231149013,1698921721230.4653,35144984218.218834
2026-09-25 18:00:00+07:00,84705.75755672692,1701660570606.1765,34660458686.55081
2026-09-25 19:00:00+07:00,84579.7615938023,1699129427879.2986,36236218755.75987
2026-09-25 20:00:00+07:00,84439.40434084482,1696318477335.4172,37393484095.658
2026-09-25 21:00:00+07:00,83928.39906535401,1686052799864.1274,38081294010.793236
2026-09-25 22:00:00+07:00,83976.22332840896,1687013550140.83,37776112248.226654
2026-09-25 23:00:00+07:00,83752.35366553183,1682516191962.8823,37936687771.43965
2026-09-26 00:00:00+07:00,83752.06178778961,1682516358526.5378,37410598349.16621
2026-09-26 01:00:00+07:00,83764.46872007116,1682765604528.0957,37319761895.888504
2026-09-26 02:00:00+07:00,83964.00059706246,1686774050886.5388,36881462065.893166
2026-09-26 03:00:00+07:00,84012.80401133405,1687757331458.4412,36489374937.04501
2026-09-26 04:00:00+07:00,83858.71636436756,1684661820495.3765,36227818334.62931
2026-09-26 05:00:00+07:00,83789.75553161079,1683276446534.3667,36137988908.46042
2026-09-26 06:00:00+07:00,84069.47476206647,1688895806434.4102,35926212580.64633
2026-09-26 07:00:00+07:00,84075.71659039952,1689021200315.1973,35904911385.48042
2026-09-26 08:00:00+07:00,83893.01524394755,1685350860531.0374,35572434763.83438
2026-09-26 09:00:00+07:00,84063.47590037558,1688775293580.2283,35234662424.159775
2026-09-26 10:00:00+07:00,84003.68241634751,1687574085118.8586,34549745847.940796
2026-09-26 11:00:00+07:00,83927.11074794037,1686046054003.6702,34089763997.76675
2026-09-26 12:00:00+07:00,83967.98486659533,1686867190890.844,33876261231.822624
2026-09-26 13:00:00+07:00,83910.45743474332,1685711498783.6494,33627479400.9485
